<?xml version="1.0" encoding="utf-8" ?>

<Defs>
	<ResearchProjectDef>
		<defName>ImprovedNutrientPaste</defName>
		<label>Improved Nutrient paste</label>
		<description>Build an improved varient of the nutrient paste dispenser which tastes slightly better</description>
		<baseCost>800</baseCost>
		<techLevel>Industrial</techLevel>
		<prerequisites>
			<li>NutrientPaste</li>
		</prerequisites>
		<requiredResearchBuilding>HiTechResearchBench</requiredResearchBuilding>
		<researchViewX>7</researchViewX>
		<researchViewY>0.5</researchViewY>
	</ResearchProjectDef>
	
	<ResearchProjectDef>
		<defName>FineNutrientPaste</defName>
		<label>Fine Nutrient paste</label>
		<description>An exquisite and complicated series of injections improves the nutrient paste to taste much better</description>
		<baseCost>1600</baseCost>
		<techLevel>Industrial</techLevel>
		<prerequisites>
			<li>ImprovedNutrientPaste</li>
		</prerequisites>
		<requiredResearchBuilding>HiTechResearchBench</requiredResearchBuilding>
		<requiredResearchFacilities>
			<li>MultiAnalyzer</li>
		</requiredResearchFacilities>
		<researchViewX>8</researchViewX>
		<researchViewY>0.5</researchViewY>
	</ResearchProjectDef>
	
	<ResearchProjectDef>
		<defName>PrisonerNutrientPaste</defName>
		<label>Prisoner Nutrient paste</label>
		<description>Build a surprisingly efficient nutrient paste dispenser that sacrifices taste for cost efficiency.</description>
		<baseCost>500</baseCost>
		<techLevel>Industrial</techLevel>
		<prerequisites>
			<li>NutrientPaste</li>
		</prerequisites>
		<researchViewX>6</researchViewX>
		<researchViewY>0.5</researchViewY>
	</ResearchProjectDef>
</Defs>